,Acute and unspecified renal failure,Acute cerebrovascular disease,Pleurisy; pneumothorax; pulmonary collapse,Pneumonia,Respiratory failure; insufficiency; arrest,Septicemia,Shock,Epoch,Mean
0,0.6537,0.5845,0.5801,0.7043,0.7466,0.7229,0.7785,0,0.6257366183758987
1,0.6537,0.5845,0.5801,0.7043,0.7466,0.7229,0.7785,1,0.6535077841122161
2,0.6537,0.5845,0.5801,0.7043,0.7466,0.7229,0.7785,2,0.6703338082812629
3,0.6537,0.5845,0.5801,0.7043,0.7466,0.7229,0.7785,3,0.6789030191609172
4,0.6537,0.5845,0.5801,0.7043,0.7466,0.7229,0.7785,5,0.6814917755367295
