,Acute and unspecified renal failure,Acute cerebrovascular disease,Pleurisy; pneumothorax; pulmonary collapse,Pneumonia,Respiratory failure; insufficiency; arrest,Septicemia,Shock,Epoch,Mean
0,0.6548,0.6038,0.5814,0.7056,0.7444,0.7262,0.7942,0,0.631639956630744
1,0.6548,0.6038,0.5814,0.7056,0.7444,0.7262,0.7942,1,0.6555582337065633
2,0.6548,0.6038,0.5814,0.7056,0.7444,0.7262,0.7942,2,0.6712745763934895
3,0.6548,0.6038,0.5814,0.7056,0.7444,0.7262,0.7942,3,0.6772764366103798
4,0.6548,0.6038,0.5814,0.7056,0.7444,0.7262,0.7942,4,0.671192123535109
5,0.6548,0.6038,0.5814,0.7056,0.7444,0.7262,0.7942,5,0.6871865588806259
