,Acute and unspecified renal failure,Acute cerebrovascular disease,Pleurisy; pneumothorax; pulmonary collapse,Pneumonia,Respiratory failure; insufficiency; arrest,Septicemia,Shock,Epoch,Mean
0,0.552,0.4393,0.5334,0.5685,0.5063,0.544,0.6486,0,0.4988230719552463
1,0.552,0.4393,0.5334,0.5685,0.5063,0.544,0.6486,1,0.4958472705503641
2,0.552,0.4393,0.5334,0.5685,0.5063,0.544,0.6486,2,0.5417294830102335
