,Acute and unspecified renal failure,Acute cerebrovascular disease,Pleurisy; pneumothorax; pulmonary collapse,Pneumonia,Respiratory failure; insufficiency; arrest,Septicemia,Shock,Epoch,Mean
0,0.6693,0.6103,0.6074,0.7198,0.7565,0.7456,0.8011,0,0.5923367315855514
1,0.6693,0.6103,0.6074,0.7198,0.7565,0.7456,0.8011,1,0.6558510673573174
2,0.6693,0.6103,0.6074,0.7198,0.7565,0.7456,0.8011,3,0.6911495696596833
3,0.6693,0.6103,0.6074,0.7198,0.7565,0.7456,0.8011,6,0.7014508160124235
