,Acute and unspecified renal failure,Acute cerebrovascular disease,Pleurisy; pneumothorax; pulmonary collapse,Pneumonia,Respiratory failure; insufficiency; arrest,Septicemia,Shock,Epoch,Mean
0,0.6937,0.8238,0.6175,0.7376,0.8364,0.7526,0.8026,32,0.7448717502946346
1,0.6937,0.8238,0.6175,0.7376,0.8364,0.7526,0.8026,34,0.7474311407391291
2,0.6937,0.8238,0.6175,0.7376,0.8364,0.7526,0.8026,35,0.7494591698343436
3,0.6937,0.8238,0.6175,0.7376,0.8364,0.7526,0.8026,37,0.7502711709655979
4,0.6937,0.8238,0.6175,0.7376,0.8364,0.7526,0.8026,39,0.7520220813971656
