,Acute and unspecified renal failure,Acute cerebrovascular disease,Pleurisy; pneumothorax; pulmonary collapse,Pneumonia,Respiratory failure; insufficiency; arrest,Septicemia,Shock,Epoch,Mean
0,0.6416,0.5842,0.5998,0.6892,0.7245,0.7221,0.7775,36,0.5672458277162443
1,0.6416,0.5842,0.5998,0.6892,0.7245,0.7221,0.7775,37,0.6465754040378565
2,0.6416,0.5842,0.5998,0.6892,0.7245,0.7221,0.7775,38,0.6611449025883346
3,0.6416,0.5842,0.5998,0.6892,0.7245,0.7221,0.7775,39,0.6769987326232532
