,Acute and unspecified renal failure,Acute cerebrovascular disease,Pleurisy; pneumothorax; pulmonary collapse,Pneumonia,Respiratory failure; insufficiency; arrest,Septicemia,Shock,Epoch,Mean
0,0.6288,0.5775,0.5828,0.6752,0.7048,0.6982,0.7825,0,0.4670508913684497
1,0.6288,0.5775,0.5828,0.6752,0.7048,0.6982,0.7825,1,0.6617941853928899
2,0.6288,0.5775,0.5828,0.6752,0.7048,0.6982,0.7825,2,0.6642435596238382
