,Acute and unspecified renal failure,Acute cerebrovascular disease,Pleurisy; pneumothorax; pulmonary collapse,Pneumonia,Respiratory failure; insufficiency; arrest,Septicemia,Shock,Epoch,Mean
0,0.6343,0.5625,0.5831,0.6721,0.7055,0.7108,0.7839,0,0.4640338431994831
1,0.6343,0.5625,0.5831,0.6721,0.7055,0.7108,0.7839,1,0.659812349684494
2,0.6343,0.5625,0.5831,0.6721,0.7055,0.7108,0.7839,2,0.6646120451473455
