,Acute and unspecified renal failure,Acute cerebrovascular disease,Pleurisy; pneumothorax; pulmonary collapse,Pneumonia,Respiratory failure; insufficiency; arrest,Septicemia,Shock,Epoch,Mean
0,0.664,0.6359,0.5987,0.7134,0.7683,0.7255,0.7911,18,0.562743076838446
1,0.664,0.6359,0.5987,0.7134,0.7683,0.7255,0.7911,19,0.6697973021073714
2,0.664,0.6359,0.5987,0.7134,0.7683,0.7255,0.7911,21,0.6754733429896677
3,0.664,0.6359,0.5987,0.7134,0.7683,0.7255,0.7911,22,0.6852903743155613
4,0.664,0.6359,0.5987,0.7134,0.7683,0.7255,0.7911,24,0.6995600363957103
