,Acute and unspecified renal failure,Acute cerebrovascular disease,Pleurisy; pneumothorax; pulmonary collapse,Pneumonia,Respiratory failure; insufficiency; arrest,Septicemia,Shock,Epoch,Mean
0,0.6775,0.7171,0.637,0.746,0.8123,0.7465,0.7999,6,0.6357652476849668
1,0.6775,0.7171,0.637,0.746,0.8123,0.7465,0.7999,9,0.6791829949470066
2,0.6775,0.7171,0.637,0.746,0.8123,0.7465,0.7999,11,0.6883168113676893
3,0.6775,0.7171,0.637,0.746,0.8123,0.7465,0.7999,13,0.7095912223797279
4,0.6775,0.7171,0.637,0.746,0.8123,0.7465,0.7999,15,0.7282832221079992
5,0.6775,0.7171,0.637,0.746,0.8123,0.7465,0.7999,17,0.7337777020074301
